1,Darcy,Densham,456 Elm St,Maine,33849,Houston,Pacific Northwest
2,Lennie,Pandya,101 Pine Rd,Wyoming,52301,San Diego,South
3,Gae,Tuckett,123 Main St,Oregon,94355,New York,Midwest
4,Sharona,Pawlik,456 Elm St,North Carolina,86139,Phoenix,Pacific Northwest
5,Cheslie,Brimble,123 Main St,Utah,96777,Dallas,Pacific Northwest
6,Henrieta,Mulqueeny,456 Elm St,Oregon,21910,San Jose,Pacific Northwest
7,Sela,Chalfant,123 Main St,Tennessee,7171,San Jose,West
8,Hershel,Mammatt,123 Main St,Mississippi,79620,Philadelphia,West
9,Molly,Feldhammer,789 Oak Ave,South Carolina,53413,San Diego,West
10,Huntington,Straker,789 Oak Ave,Nevada,3967,San Jose,Northeast
11,Starlin,Hillborne,456 Elm St,Massachusetts,17698,Dallas,Pacific Northwest
12,Kaitlin,Taveriner,789 Oak Ave,Indiana,17456,San Diego,Northeast
13,Luz,Townes,789 Oak Ave,South Dakota,36010,Philadelphia,Midwest
14,Fletcher,Adrain,123 Main St,Colorado,73529,San Jose,West
15,Jolie,Haley,456 Elm St,West Virginia,2915,Los Angeles,Midwest
16,Arleen,Elgey,789 Oak Ave,Colorado,34688,San Antonio,Northeast
17,Dyana,Juanico,456 Elm St,Iowa,27949,New York,Northeast
18,Jena,Falkous,123 Main St,Idaho,31812,Dallas,Northeast
19,Mirella,Sallis,789 Oak Ave,Kentucky,56931,Phoenix,South
20,Lawton,Bernollet,789 Oak Ave,Oklahoma,40223,San Antonio,Midwest
21,Tabbatha,Rosario,789 Oak Ave,Washington,20655,Chicago,Midwest
22,Edithe,Dawidsohn,456 Elm St,Oklahoma,35290,Philadelphia,West
23,Cedric,Jouannisson,789 Oak Ave,Maine,58764,Phoenix,Midwest
24,Vi,Chatwin,456 Elm St,Indiana,18880,Dallas,South
25,Tracie,Bernini,789 Oak Ave,Florida,44529,Phoenix,South
26,Martin,Kibbe,101 Pine Rd,Alabama,94504,San Antonio,Northeast
27,Theresa,Paraman,123 Main St,Alaska,92082,Houston,Midwest
28,Gene,Chese,123 Main St,Indiana,27726,Dallas,South
29,Verney,Litton,456 Elm St,Iowa,54659,Chicago,Northeast
30,Della,Chillcot,123 Main St,Kentucky,85452,Dallas,Pacific Northwest
31,Neil,Mattiuzzi,789 Oak Ave,Oregon,64609,Chicago,West
32,Osbourne,Davidovitz,101 Pine Rd,New York,6634,Houston,Midwest
33,Elane,Oxterby,101 Pine Rd,Indiana,26945,San Antonio,Midwest
34,Pennie,Songer,456 Elm St,Wisconsin,15732,San Jose,Pacific Northwest
35,Kimberlyn,Forsard,101 Pine Rd,Florida,88002,Dallas,Midwest
36,Hedy,Villa,101 Pine Rd,Virginia,18225,San Diego,Pacific Northwest
37,Neddy,Tinsley,789 Oak Ave,Florida,45500,Houston,South
38,Callida,Beatey,789 Oak Ave,Arizona,98736,Los Angeles,Midwest
39,Rustin,McLardie,123 Main St,Connecticut,30931,Philadelphia,South
40,Hatty,Dayne,789 Oak Ave,Colorado,5821,New York,South
41,Thibaud,Ions,456 Elm St,Massachusetts,41445,New York,Midwest
42,Kissee,Deniscke,101 Pine Rd,Montana,86385,Los Angeles,West
43,Wayland,Vella,789 Oak Ave,Minnesota,89649,Los Angeles,South
44,Abeu,Mielnik,101 Pine Rd,North Dakota,13850,Los Angeles,Pacific Northwest
45,Merry,Cathersides,123 Main St,Missouri,16492,San Antonio,West
46,Larissa,Parradice,101 Pine Rd,Ohio,17830,Los Angeles,Northeast
47,Wendye,Klima,123 Main St,Mississippi,68694,Los Angeles,West
48,Ellswerth,Smickle,456 Elm St,Ohio,57125,Dallas,South
49,Erika,Miko,789 Oak Ave,Oklahoma,73755,Los Angeles,Midwest
50,Danica,Aberdeen,789 Oak Ave,Vermont,58312,Phoenix,West
51,Brannon,Houtby,456 Elm St,Rhode Island,52563,Phoenix,Pacific Northwest
52,Cherri,Gallardo,101 Pine Rd,South Dakota,43198,San Diego,Pacific Northwest
53,Rena,Balchen,789 Oak Ave,Montana,50444,New York,Pacific Northwest
54,Lula,Felstead,123 Main St,North Carolina,43449,Phoenix,West
55,Dare,Fallis,101 Pine Rd,Tennessee,24946,Phoenix,Northeast
56,Demetris,Gatherer,123 Main St,Missouri,56140,Houston,Pacific Northwest
57,Rikki,Ownsworth,456 Elm St,Oregon,18489,Los Angeles,Midwest
58,Foss,Gosnold,789 Oak Ave,Nebraska,61839,Los Angeles,South
59,Jorry,Devon,456 Elm St,Alabama,23434,Chicago,Midwest
60,Drusy,Bartoszinski,789 Oak Ave,Maine,11180,Chicago,Midwest
61,Elly,Dowber,456 Elm St,Montana,78257,Houston,Pacific Northwest
62,Emily,Aleksandrov,789 Oak Ave,Arkansas,60386,San Diego,West
63,Marvin,Godain,456 Elm St,Indiana,89728,Dallas,South
64,Marcelia,Bedinn,123 Main St,New Jersey,77224,San Antonio,Pacific Northwest
65,Annabel,Northbridge,101 Pine Rd,Alabama,60203,San Diego,Northeast
66,Morgan,Wederell,101 Pine Rd,Nebraska,26539,San Jose,Midwest
67,Kylila,Willows,789 Oak Ave,Maine,85129,Los Angeles,Midwest
68,Inessa,Biasioli,789 Oak Ave,Maryland,45723,Chicago,Pacific Northwest
69,Mame,Helis,456 Elm St,Rhode Island,28484,Los Angeles,Pacific Northwest
70,Pierson,Zuppa,456 Elm St,New Hampshire,34,San Antonio,Pacific Northwest
71,Johannah,Slimm,789 Oak Ave,Wyoming,33699,San Jose,South
72,Krystyna,Finnimore,123 Main St,Alaska,33199,Chicago,South
73,Carena,Whitloe,456 Elm St,Florida,60179,Chicago,Northeast
74,Benedicto,Davidde,789 Oak Ave,Maryland,12870,Philadelphia,Pacific Northwest
75,Rene,Anniwell,101 Pine Rd,Nebraska,62042,San Jose,Pacific Northwest
76,Drona,Smidmore,789 Oak Ave,Wisconsin,66779,Houston,South
77,Lockwood,Willcox,789 Oak Ave,New Mexico,33767,Los Angeles,West
78,Gayel,Pinwell,101 Pine Rd,Minnesota,0,San Diego,Pacific Northwest
79,Marlee,Chieze,123 Main St,Wisconsin,16163,New York,West
80,Reinwald,Grocott,123 Main St,Missouri,31666,Houston,West
81,Lacy,Hunnybun,789 Oak Ave,Kansas,46094,Houston,South
82,Dinny,Flahive,123 Main St,Alabama,34537,San Diego,Pacific Northwest
83,Boonie,Fearick,101 Pine Rd,Virginia,20202,San Jose,Northeast
84,Mycah,Shildrick,789 Oak Ave,Florida,21986,San Jose,Pacific Northwest
85,Tonye,McLleese,456 Elm St,Minnesota,43286,Los Angeles,West
86,Branden,Andryushchenko,456 Elm St,New Hampshire,51329,Chicago,Pacific Northwest
87,Ellary,Rissen,101 Pine Rd,Minnesota,28216,Chicago,Midwest
88,Pegeen,Bosenworth,456 Elm St,Missouri,86239,San Antonio,Midwest
89,Chadwick,Galler,123 Main St,Wisconsin,57127,San Antonio,Pacific Northwest
90,Irene,Cotterill,456 Elm St,New Hampshire,72209,New York,Pacific Northwest
91,Tulley,Selborne,456 Elm St,Rhode Island,90816,San Jose,Midwest
92,Grace,Crowley,789 Oak Ave,Alabama,59556,Philadelphia,West
93,Marleen,Grzegorzewski,456 Elm St,New Hampshire,41589,Los Angeles,Northeast
94,Justus,Duncanson,101 Pine Rd,Tennessee,60914,San Diego,Northeast
95,Osborne,Haryngton,456 Elm St,Arizona,38264,Philadelphia,South
96,Imojean,Brothwell,789 Oak Ave,Missouri,77333,New York,Northeast
97,Min,Gatley,789 Oak Ave,Kentucky,36909,Los Angeles,Pacific Northwest
98,Panchito,Linning,101 Pine Rd,Mississippi,35664,Philadelphia,West
99,Tabby,Stannus,789 Oak Ave,Georgia,37311,Philadelphia,Pacific Northwest
100,Shanna,Williams,123 Main St,Alabama,21249,Chicago,Pacific Northwest
